"periodo";"nivel_general_aperturas";"indice_icc"
"1/1/2022";"1_50v1513970_d3_713rr@$";100
"1/1/2022";"2_3$7ruc7ur@";100
"1/1/2022";"3_@|8@91|3r1@";100
"1/1/2022";"4_y3$3r1@";100
"1/1/2022";"5_19$7@|@c109_$@917@r1@_y_c097r@19c39d10";100
"1/1/2022";"6_19$7@|@c109_d3_g@$";100
"1/1/2022";"7_19$7@|@c109_3|3c7r1c@";100
"1/1/2022";"8_c@rp1973r1@_537@|1c@_y_h3rr3r1@";100
"1/1/2022";"9_c@rp1973r1@_d3_5@d3r@";100
"1/1/2022";"10_@$c39$0r3$";100
"1/1/2022";"11_v1dr10$";100
"1/1/2022";"12_p197ur@";100
"1/1/2022";"13_07r0$_7r@8@j0$_y_g@$70$";100
"1/2/2022";"1_50v1513970_d3_713rr@$";103,812933254688
"1/2/2022";"2_3$7ruc7ur@";104,410773484463
"1/2/2022";"3_@|8@91|3r1@";103,927129746759
"1/2/2022";"4_y3$3r1@";104,401086250664
"1/2/2022";"5_19$7@|@c109_$@917@r1@_y_c097r@19c39d10";103,745420563839
"1/2/2022";"6_19$7@|@c109_d3_g@$";101,542653418102
"1/2/2022";"7_19$7@|@c109_3|3c7r1c@";103,949007322413
"1/2/2022";"8_c@rp1973r1@_537@|1c@_y_h3rr3r1@";105,61061404405
"1/2/2022";"9_c@rp1973r1@_d3_5@d3r@";104,348301581399
"1/2/2022";"10_@$c39$0r3$";100,573196712996
"1/2/2022";"11_v1dr10$";102,077324810975
"1/2/2022";"12_p197ur@";101,735606808807
"1/2/2022";"13_07r0$_7r@8@j0$_y_g@$70$";103,472367445486
"1/3/2022";"1_50v1513970_d3_713rr@$";105,983075692185
"1/3/2022";"2_3$7ruc7ur@";109,511396618843
"1/3/2022";"3_@|8@91|3r1@";109,514064023334
"1/3/2022";"4_y3$3r1@";109,920892614676
"1/3/2022";"5_19$7@|@c109_$@917@r1@_y_c097r@19c39d10";108,375716376808
"1/3/2022";"6_19$7@|@c109_d3_g@$";107,360815518714
"1/3/2022";"7_19$7@|@c109_3|3c7r1c@";109,003925417076
"1/3/2022";"8_c@rp1973r1@_537@|1c@_y_h3rr3r1@";107,490549238831
"1/3/2022";"9_c@rp1973r1@_d3_5@d3r@";109,423871913209
"1/3/2022";"10_@$c39$0r3$";103,236278786649
"1/3/2022";"11_v1dr10$";108,048172110063
"1/3/2022";"12_p197ur@";106,142159995352
"1/3/2022";"13_07r0$_7r@8@j0$_y_g@$70$";110,412349575103
"1/4/2022";"1_50v1513970_d3_713rr@$";109,294937307645
"1/4/2022";"2_3$7ruc7ur@";112,213708956353
"1/4/2022";"3_@|8@91|3r1@";110,331880332928
"1/4/2022";"4_y3$3r1@";111,724422929335
"1/4/2022";"5_19$7@|@c109_$@917@r1@_y_c097r@19c39d10";112,976240686068
"1/4/2022";"6_19$7@|@c109_d3_g@$";113,027152326858
"1/4/2022";"7_19$7@|@c109_3|3c7r1c@";111,585642032158
"1/4/2022";"8_c@rp1973r1@_537@|1c@_y_h3rr3r1@";114,817625852028
"1/4/2022";"9_c@rp1973r1@_d3_5@d3r@";115,61823311971
"1/4/2022";"10_@$c39$0r3$";108,985999797099
"1/4/2022";"11_v1dr10$";112,447384831242
"1/4/2022";"12_p197ur@";108,528437808633
"1/4/2022";"13_07r0$_7r@8@j0$_y_g@$70$";112,296344175966
"1/5/2022";"1_50v1513970_d3_713rr@$";116,207156330847
"1/5/2022";"2_3$7ruc7ur@";120,593009340138
"1/5/2022";"3_@|8@91|3r1@";118,783991749321
"1/5/2022";"4_y3$3r1@";120,331778735463
"1/5/2022";"5_19$7@|@c109_$@917@r1@_y_c097r@19c39d10";118,309474781055
"1/5/2022";"6_19$7@|@c109_d3_g@$";118,418305792406
"1/5/2022";"7_19$7@|@c109_3|3c7r1c@";119,241148939382
"1/5/2022";"8_c@rp1973r1@_537@|1c@_y_h3rr3r1@";117,815597039978
"1/5/2022";"9_c@rp1973r1@_d3_5@d3r@";122,011636300007
"1/5/2022";"10_@$c39$0r3$";113,586791112915
"1/5/2022";"11_v1dr10$";114,559786421389
"1/5/2022";"12_p197ur@";113,938592923953
"1/5/2022";"13_07r0$_7r@8@j0$_y_g@$70$";119,30856827817
"1/6/2022";"1_50v1513970_d3_713rr@$";123,694614939877
"1/6/2022";"2_3$7ruc7ur@";129,332021954138
"1/6/2022";"3_@|8@91|3r1@";127,685700703403
"1/6/2022";"4_y3$3r1@";130,488812798867
"1/6/2022";"5_19$7@|@c109_$@917@r1@_y_c097r@19c39d10";124,456463310757
"1/6/2022";"6_19$7@|@c109_d3_g@$";123,604766229717
"1/6/2022";"7_19$7@|@c109_3|3c7r1c@";126,755114365517
"1/6/2022";"8_c@rp1973r1@_537@|1c@_y_h3rr3r1@";122,189949352678
"1/6/2022";"9_c@rp1973r1@_d3_5@d3r@";129,424309368096
"1/6/2022";"10_@$c39$0r3$";118,704981231612
"1/6/2022";"11_v1dr10$";121,086990412347
"1/6/2022";"12_p197ur@";117,467902166967
"1/6/2022";"13_07r0$_7r@8@j0$_y_g@$70$";127,482367255375
"1/7/2022";"1_50v1513970_d3_713rr@$";129,563226714477
"1/7/2022";"2_3$7ruc7ur@";135,175454282845
"1/7/2022";"3_@|8@91|3r1@";131,557235055716
"1/7/2022";"4_y3$3r1@";137,437274927682
"1/7/2022";"5_19$7@|@c109_$@917@r1@_y_c097r@19c39d10";143,25303297194
"1/7/2022";"6_19$7@|@c109_d3_g@$";140,967072889696
"1/7/2022";"7_19$7@|@c109_3|3c7r1c@";136,486562995395
"1/7/2022";"8_c@rp1973r1@_537@|1c@_y_h3rr3r1@";141,605242800636
"1/7/2022";"9_c@rp1973r1@_d3_5@d3r@";147,838972855924
"1/7/2022";"10_@$c39$0r3$";130,503702952217
"1/7/2022";"11_v1dr10$";141,256138436355
"1/7/2022";"12_p197ur@";135,676523557776
"1/7/2022";"13_07r0$_7r@8@j0$_y_g@$70$";132,804509419973
"1/8/2022";"1_50v1513970_d3_713rr@$";137,878212727687
"1/8/2022";"2_3$7ruc7ur@";144,802398998583
"1/8/2022";"3_@|8@91|3r1@";140,480698729363
"1/8/2022";"4_y3$3r1@";147,346360469921
"1/8/2022";"5_19$7@|@c109_$@917@r1@_y_c097r@19c39d10";157,172037942127
"1/8/2022";"6_19$7@|@c109_d3_g@$";153,950846561564
"1/8/2022";"7_19$7@|@c109_3|3c7r1c@";148,531743036159
"1/8/2022";"8_c@rp1973r1@_537@|1c@_y_h3rr3r1@";162,62461138762
"1/8/2022";"9_c@rp1973r1@_d3_5@d3r@";160,089896979374
"1/8/2022";"10_@$c39$0r3$";144,473470630009
"1/8/2022";"11_v1dr10$";153,931522332216
"1/8/2022";"12_p197ur@";143,12147795271
"1/8/2022";"13_07r0$_7r@8@j0$_y_g@$70$";139,938404212848
"1/9/2022";"1_50v1513970_d3_713rr@$";145,316031372457
"1/9/2022";"2_3$7ruc7ur@";156,094474324938
"1/9/2022";"3_@|8@91|3r1@";152,930844163692
"1/9/2022";"4_y3$3r1@";160,599799279769
"1/9/2022";"5_19$7@|@c109_$@917@r1@_y_c097r@19c39d10";169,502402394952
"1/9/2022";"6_19$7@|@c109_d3_g@$";162,596754734374
"1/9/2022";"7_19$7@|@c109_3|3c7r1c@";157,263908809542
"1/9/2022";"8_c@rp1973r1@_537@|1c@_y_h3rr3r1@";164,707427787427
"1/9/2022";"9_c@rp1973r1@_d3_5@d3r@";168,450753516044
"1/9/2022";"10_@$c39$0r3$";149,632241046972
"1/9/2022";"11_v1dr10$";164,401940915114
"1/9/2022";"12_p197ur@";148,242607331668
"1/9/2022";"13_07r0$_7r@8@j0$_y_g@$70$";151,823159255527
"1/10/2022";"1_50v1513970_d3_713rr@$";157,655358488142
"1/10/2022";"2_3$7ruc7ur@";167,99799166403
"1/10/2022";"3_@|8@91|3r1@";164,825841383923
"1/10/2022";"4_y3$3r1@";173,209752641832
"1/10/2022";"5_19$7@|@c109_$@917@r1@_y_c097r@19c39d10";179,898446092904
"1/10/2022";"6_19$7@|@c109_d3_g@$";167,997397280701
"1/10/2022";"7_19$7@|@c109_3|3c7r1c@";170,018683475504
"1/10/2022";"8_c@rp1973r1@_537@|1c@_y_h3rr3r1@";175,912600528367
"1/10/2022";"9_c@rp1973r1@_d3_5@d3r@";180,036746210547
"1/10/2022";"10_@$c39$0r3$";160,736025159785
"1/10/2022";"11_v1dr10$";176,163379842544
"1/10/2022";"12_p197ur@";157,308429675245
"1/10/2022";"13_07r0$_7r@8@j0$_y_g@$70$";162,471245793806
"1/11/2022";"1_50v1513970_d3_713rr@$";170,999164880601
"1/11/2022";"2_3$7ruc7ur@";179,171767748325
"1/11/2022";"3_@|8@91|3r1@";176,147158591906
"1/11/2022";"4_y3$3r1@";183,957140327056
"1/11/2022";"5_19$7@|@c109_$@917@r1@_y_c097r@19c39d10";192,514120789606
"1/11/2022";"6_19$7@|@c109_d3_g@$";177,36312000976
"1/11/2022";"7_19$7@|@c109_3|3c7r1c@";185,846795500868
"1/11/2022";"8_c@rp1973r1@_537@|1c@_y_h3rr3r1@";183,093719440106
"1/11/2022";"9_c@rp1973r1@_d3_5@d3r@";189,303134364269
"1/11/2022";"10_@$c39$0r3$";171,489804200061
"1/11/2022";"11_v1dr10$";193,632590225271
"1/11/2022";"12_p197ur@";167,419973276012
"1/11/2022";"13_07r0$_7r@8@j0$_y_g@$70$";173,003364955039
"1/12/2022";"1_50v1513970_d3_713rr@$";175,546769606326
"1/12/2022";"2_3$7ruc7ur@";185,891439811822
"1/12/2022";"3_@|8@91|3r1@";182,79765693613
"1/12/2022";"4_y3$3r1@";192,765216364602
"1/12/2022";"5_19$7@|@c109_$@917@r1@_y_c097r@19c39d10";201,188379189719
"1/12/2022";"6_19$7@|@c109_d3_g@$";189,90632921688
"1/12/2022";"7_19$7@|@c109_3|3c7r1c@";197,463576658866
"1/12/2022";"8_c@rp1973r1@_537@|1c@_y_h3rr3r1@";188,129260140411
"1/12/2022";"9_c@rp1973r1@_d3_5@d3r@";199,361315864302
"1/12/2022";"10_@$c39$0r3$";185,829867099523
"1/12/2022";"11_v1dr10$";208,88221997038
"1/12/2022";"12_p197ur@";172,798175797362
"1/12/2022";"13_07r0$_7r@8@j0$_y_g@$70$";184,148590330982
"1/1/2023";"1_50v1513970_d3_713rr@$";195,70293109389
"1/1/2023";"2_3$7ruc7ur@";198,358254123279
"1/1/2023";"3_@|8@91|3r1@";195,33079259695
"1/1/2023";"4_y3$3r1@";206,071787000413
"1/1/2023";"5_19$7@|@c109_$@917@r1@_y_c097r@19c39d10";216,016242009246
"1/1/2023";"6_19$7@|@c109_d3_g@$";199,605525356179
"1/1/2023";"7_19$7@|@c109_3|3c7r1c@";211,477126896656
"1/1/2023";"8_c@rp1973r1@_537@|1c@_y_h3rr3r1@";207,931341497234
"1/1/2023";"9_c@rp1973r1@_d3_5@d3r@";208,10713270194
"1/1/2023";"10_@$c39$0r3$";194,524196002841
"1/1/2023";"11_v1dr10$";218,339309377192
"1/1/2023";"12_p197ur@";181,325161215361
"1/1/2023";"13_07r0$_7r@8@j0$_y_g@$70$";195,960152848805
"1/2/2023";"1_50v1513970_d3_713rr@$";204,312836894757
"1/2/2023";"2_3$7ruc7ur@";212,668335694733
"1/2/2023";"3_@|8@91|3r1@";207,339397797133
"1/2/2023";"4_y3$3r1@";219,286852824842
"1/2/2023";"5_19$7@|@c109_$@917@r1@_y_c097r@19c39d10";226,767889779277
"1/2/2023";"6_19$7@|@c109_d3_g@$";212,514741964782
"1/2/2023";"7_19$7@|@c109_3|3c7r1c@";224,811278025213
"1/2/2023";"8_c@rp1973r1@_537@|1c@_y_h3rr3r1@";214,960664399457
"1/2/2023";"9_c@rp1973r1@_d3_5@d3r@";219,510487980927
"1/2/2023";"10_@$c39$0r3$";202,873592370904
"1/2/2023";"11_v1dr10$";237,406461922208
"1/2/2023";"12_p197ur@";191,769302271539
"1/2/2023";"13_07r0$_7r@8@j0$_y_g@$70$";207,070207790726
"1/3/2023";"1_50v1513970_d3_713rr@$";215,223117039356
"1/3/2023";"2_3$7ruc7ur@";220,185152069549
"1/3/2023";"3_@|8@91|3r1@";214,186494347802
"1/3/2023";"4_y3$3r1@";226,058208867111
"1/3/2023";"5_19$7@|@c109_$@917@r1@_y_c097r@19c39d10";245,684372441511
"1/3/2023";"6_19$7@|@c109_d3_g@$";225,533760793829
"1/3/2023";"7_19$7@|@c109_3|3c7r1c@";234,894693138069
"1/3/2023";"8_c@rp1973r1@_537@|1c@_y_h3rr3r1@";222,14616204224
"1/3/2023";"9_c@rp1973r1@_d3_5@d3r@";231,747194820534
"1/3/2023";"10_@$c39$0r3$";212,932433803388
"1/3/2023";"11_v1dr10$";254,828903266038
"1/3/2023";"12_p197ur@";212,916109916923
"1/3/2023";"13_07r0$_7r@8@j0$_y_g@$70$";214,315317199293
"1/4/2023";"1_50v1513970_d3_713rr@$";229,799746544182
"1/4/2023";"2_3$7ruc7ur@";237,117762768753
"1/4/2023";"3_@|8@91|3r1@";231,786868206686
"1/4/2023";"4_y3$3r1@";246,121376704646
"1/4/2023";"5_19$7@|@c109_$@917@r1@_y_c097r@19c39d10";262,930342951183
"1/4/2023";"6_19$7@|@c109_d3_g@$";240,786780354892
"1/4/2023";"7_19$7@|@c109_3|3c7r1c@";251,399373443044
"1/4/2023";"8_c@rp1973r1@_537@|1c@_y_h3rr3r1@";248,552829390043
"1/4/2023";"9_c@rp1973r1@_d3_5@d3r@";250,348870272753
"1/4/2023";"10_@$c39$0r3$";230,86385309932
"1/4/2023";"11_v1dr10$";277,963013485073
"1/4/2023";"12_p197ur@";224,366757683146
"1/4/2023";"13_07r0$_7r@8@j0$_y_g@$70$";245,438299652098
"1/5/2023";"1_50v1513970_d3_713rr@$";248,768636886581
"1/5/2023";"2_3$7ruc7ur@";254,229885689918
"1/5/2023";"3_@|8@91|3r1@";249,066561384567
"1/5/2023";"4_y3$3r1@";262,6217604345
"1/5/2023";"5_19$7@|@c109_$@917@r1@_y_c097r@19c39d10";286,554031144301
"1/5/2023";"6_19$7@|@c109_d3_g@$";264,966313763234
"1/5/2023";"7_19$7@|@c109_3|3c7r1c@";275,157582848947
"1/5/2023";"8_c@rp1973r1@_537@|1c@_y_h3rr3r1@";273,229897975567
"1/5/2023";"9_c@rp1973r1@_d3_5@d3r@";274,400139985564
"1/5/2023";"10_@$c39$0r3$";249,974637313584
"1/5/2023";"11_v1dr10$";305,776950658664
"1/5/2023";"12_p197ur@";237,534131179922
"1/5/2023";"13_07r0$_7r@8@j0$_y_g@$70$";261,498830820707
"1/6/2023";"1_50v1513970_d3_713rr@$";272,270531965217
"1/6/2023";"2_3$7ruc7ur@";266,288154944496
"1/6/2023";"3_@|8@91|3r1@";260,441862526287
"1/6/2023";"4_y3$3r1@";273,460652931106
"1/6/2023";"5_19$7@|@c109_$@917@r1@_y_c097r@19c39d10";306,279306323964
"1/6/2023";"6_19$7@|@c109_d3_g@$";291,675364990714
"1/6/2023";"7_19$7@|@c109_3|3c7r1c@";285,664678795199
"1/6/2023";"8_c@rp1973r1@_537@|1c@_y_h3rr3r1@";292,693357465006
"1/6/2023";"9_c@rp1973r1@_d3_5@d3r@";294,956145147532
"1/6/2023";"10_@$c39$0r3$";270,898853606574
"1/6/2023";"11_v1dr10$";327,301426455686
"1/6/2023";"12_p197ur@";249,275257073142
"1/6/2023";"13_07r0$_7r@8@j0$_y_g@$70$";291,160814433186
"1/7/2023";"1_50v1513970_d3_713rr@$";293,312620814913
"1/7/2023";"2_3$7ruc7ur@";288,136374265788
"1/7/2023";"3_@|8@91|3r1@";283,249671664881
"1/7/2023";"4_y3$3r1@";296,094810791664
"1/7/2023";"5_19$7@|@c109_$@917@r1@_y_c097r@19c39d10";331,312179025976
"1/7/2023";"6_19$7@|@c109_d3_g@$";309,581260421044
"1/7/2023";"7_19$7@|@c109_3|3c7r1c@";310,164565562014
"1/7/2023";"8_c@rp1973r1@_537@|1c@_y_h3rr3r1@";312,841358574285
"1/7/2023";"9_c@rp1973r1@_d3_5@d3r@";318,988823027625
"1/7/2023";"10_@$c39$0r3$";296,436542558588
"1/7/2023";"11_v1dr10$";348,651492711825
"1/7/2023";"12_p197ur@";268,815720676233
"1/7/2023";"13_07r0$_7r@8@j0$_y_g@$70$";315,11092945001
"1/8/2023";"1_50v1513970_d3_713rr@$";316,473460139109
"1/8/2023";"2_3$7ruc7ur@";326,724624124792
"1/8/2023";"3_@|8@91|3r1@";316,748716874411
"1/8/2023";"4_y3$3r1@";342,163055670347
"1/8/2023";"5_19$7@|@c109_$@917@r1@_y_c097r@19c39d10";392,815970757767
"1/8/2023";"6_19$7@|@c109_d3_g@$";384,592443980534
"1/8/2023";"7_19$7@|@c109_3|3c7r1c@";368,970332905563
"1/8/2023";"8_c@rp1973r1@_537@|1c@_y_h3rr3r1@";375,042692627676
"1/8/2023";"9_c@rp1973r1@_d3_5@d3r@";390,73251820906
"1/8/2023";"10_@$c39$0r3$";363,246931114944
"1/8/2023";"11_v1dr10$";394,630329721724
"1/8/2023";"12_p197ur@";321,980479869866
"1/8/2023";"13_07r0$_7r@8@j0$_y_g@$70$";343,354689074352
"1/9/2023";"1_50v1513970_d3_713rr@$";369,082478260615
"1/9/2023";"2_3$7ruc7ur@";382,361720566186
"1/9/2023";"3_@|8@91|3r1@";375,116629468782
"1/9/2023";"4_y3$3r1@";368,029399610367
"1/9/2023";"5_19$7@|@c109_$@917@r1@_y_c097r@19c39d10";433,382952506182
"1/9/2023";"6_19$7@|@c109_d3_g@$";432,833575078963
"1/9/2023";"7_19$7@|@c109_3|3c7r1c@";398,448705367253
"1/9/2023";"8_c@rp1973r1@_537@|1c@_y_h3rr3r1@";406,998671784916
"1/9/2023";"9_c@rp1973r1@_d3_5@d3r@";430,636059406374
"1/9/2023";"10_@$c39$0r3$";405,212032058436
"1/9/2023";"11_v1dr10$";440,667628030244
"1/9/2023";"12_p197ur@";349,00656480567
"1/9/2023";"13_07r0$_7r@8@j0$_y_g@$70$";393,425980494667
"1/10/2023";"1_50v1513970_d3_713rr@$";376,310641056338
"1/10/2023";"2_3$7ruc7ur@";395,684141023701
"1/10/2023";"3_@|8@91|3r1@";384,967488780205
"1/10/2023";"4_y3$3r1@";418,029399610367
"1/10/2023";"5_19$7@|@c109_$@917@r1@_y_c097r@19c39d10";506,041961280505
"1/10/2023";"6_19$7@|@c109_d3_g@$";486,747820900378
"1/10/2023";"7_19$7@|@c109_3|3c7r1c@";440,799803729146
"1/10/2023";"8_c@rp1973r1@_537@|1c@_y_h3rr3r1@";484,82185862537
"1/10/2023";"9_c@rp1973r1@_d3_5@d3r@";499,84470351495
"1/10/2023";"10_@$c39$0r3$";448,123161205235
"1/10/2023";"11_v1dr10$";490,684192064853
"1/10/2023";"12_p197ur@";386,559577063847
"1/10/2023";"13_07r0$_7r@8@j0$_y_g@$70$";418,108971312333
"1/11/2023";"1_50v1513970_d3_713rr@$";428,649267372527
"1/11/2023";"2_3$7ruc7ur@";437,133581853447
"1/11/2023";"3_@|8@91|3r1@";427,726792951471
"1/11/2023";"4_y3$3r1@";476,633803648385
"1/11/2023";"5_19$7@|@c109_$@917@r1@_y_c097r@19c39d10";564,487557992408
"1/11/2023";"6_19$7@|@c109_d3_g@$";588,468055687348
"1/11/2023";"7_19$7@|@c109_3|3c7r1c@";488,682343172039
"1/11/2023";"8_c@rp1973r1@_537@|1c@_y_h3rr3r1@";527,107264314801
"1/11/2023";"9_c@rp1973r1@_d3_5@d3r@";555,084319429559
"1/11/2023";"10_@$c39$0r3$";522,958303743533
"1/11/2023";"11_v1dr10$";549,337438615637
"1/11/2023";"12_p197ur@";450,726195317493
"1/11/2023";"13_07r0$_7r@8@j0$_y_g@$70$";453,178646793787
"1/12/2023";"1_50v1513970_d3_713rr@$";545,379103327045
"1/12/2023";"2_3$7ruc7ur@";576,188838604069
"1/12/2023";"3_@|8@91|3r1@";519,315773783146
"1/12/2023";"4_y3$3r1@";613,102898636283
"1/12/2023";"5_19$7@|@c109_$@917@r1@_y_c097r@19c39d10";801,173493437864
"1/12/2023";"6_19$7@|@c109_d3_g@$";885,927693204463
"1/12/2023";"7_19$7@|@c109_3|3c7r1c@";688,453989582547
"1/12/2023";"8_c@rp1973r1@_537@|1c@_y_h3rr3r1@";720,200545881803
"1/12/2023";"9_c@rp1973r1@_d3_5@d3r@";771,868369824362
"1/12/2023";"10_@$c39$0r3$";675,65942984681
"1/12/2023";"11_v1dr10$";754,226751890249
"1/12/2023";"12_p197ur@";658,952535874049
"1/12/2023";"13_07r0$_7r@8@j0$_y_g@$70$";520,011976958613
"1/1/2024";"1_50v1513970_d3_713rr@$";618,752226498396
"1/1/2024";"2_3$7ruc7ur@";658,999683618306
"1/1/2024";"3_@|8@91|3r1@";610,097412799833
"1/1/2024";"4_y3$3r1@";728,431430426826
"1/1/2024";"5_19$7@|@c109_$@917@r1@_y_c097r@19c39d10";962,020658115629
"1/1/2024";"6_19$7@|@c109_d3_g@$";933,763504995323
"1/1/2024";"7_19$7@|@c109_3|3c7r1c@";749,024307390352
"1/1/2024";"8_c@rp1973r1@_537@|1c@_y_h3rr3r1@";793,173558302803
"1/1/2024";"9_c@rp1973r1@_d3_5@d3r@";870,452109626195
"1/1/2024";"10_@$c39$0r3$";945,373845997769
"1/1/2024";"11_v1dr10$";870,991503624601
"1/1/2024";"12_p197ur@";716,509324347877
"1/1/2024";"13_07r0$_7r@8@j0$_y_g@$70$";595,343244425011
"1/2/2024";"1_50v1513970_d3_713rr@$";675,692185501626
"1/2/2024";"2_3$7ruc7ur@";683,648568716728
"1/2/2024";"3_@|8@91|3r1@";633,332259026194
"1/2/2024";"4_y3$3r1@";752,892732746915
"1/2/2024";"5_19$7@|@c109_$@917@r1@_y_c097r@19c39d10";1007,50903482439
"1/2/2024";"6_19$7@|@c109_d3_g@$";956,563054941778
"1/2/2024";"7_19$7@|@c109_3|3c7r1c@";779,210387257492
"1/2/2024";"8_c@rp1973r1@_537@|1c@_y_h3rr3r1@";807,14025075533
"1/2/2024";"9_c@rp1973r1@_d3_5@d3r@";941,690544412607
"1/2/2024";"10_@$c39$0r3$";1049,69818403165
"1/2/2024";"11_v1dr10$";958,214786811131
"1/2/2024";"12_p197ur@";766,586301051531
"1/2/2024";"13_07r0$_7r@8@j0$_y_g@$70$";821,899773768559
"1/3/2024";"1_50v1513970_d3_713rr@$";719,750281779797
"1/3/2024";"2_3$7ruc7ur@";742,575346988184
"1/3/2024";"3_@|8@91|3r1@";703,960164691285
"1/3/2024";"4_y3$3r1@";833,3225101836
"1/3/2024";"5_19$7@|@c109_$@917@r1@_y_c097r@19c39d10";1063,08002745594
"1/3/2024";"6_19$7@|@c109_d3_g@$";978,415052393282
"1/3/2024";"7_19$7@|@c109_3|3c7r1c@";807,412999169623
"1/3/2024";"8_c@rp1973r1@_537@|1c@_y_h3rr3r1@";856,387838804314
"1/3/2024";"9_c@rp1973r1@_d3_5@d3r@";1004,47516349876
"1/3/2024";"10_@$c39$0r3$";1131,50045652836
"1/3/2024";"11_v1dr10$";1051,99547899291
"1/3/2024";"12_p197ur@";836,572648579562
"1/3/2024";"13_07r0$_7r@8@j0$_y_g@$70$";866,469268645083
"1/4/2024";"1_50v1513970_d3_713rr@$";804,861212499926
"1/4/2024";"2_3$7ruc7ur@";770,722313162854
"1/4/2024";"3_@|8@91|3r1@";744,165303639484
"1/4/2024";"4_y3$3r1@";938,089615679792
"1/4/2024";"5_19$7@|@c109_$@917@r1@_y_c097r@19c39d10";1096,31164148494
"1/4/2024";"6_19$7@|@c109_d3_g@$";1004,4219116431
"1/4/2024";"7_19$7@|@c109_3|3c7r1c@";824,589529704838
"1/4/2024";"8_c@rp1973r1@_537@|1c@_y_h3rr3r1@";854,268532979142
"1/4/2024";"9_c@rp1973r1@_d3_5@d3r@";1042,39484678143
"1/4/2024";"10_@$c39$0r3$";1195,22674241656
"1/4/2024";"11_v1dr10$";1070,54427469016
"1/4/2024";"12_p197ur@";878,511880555394
"1/4/2024";"13_07r0$_7r@8@j0$_y_g@$70$";940,119959696584
"1/5/2024";"1_50v1513970_d3_713rr@$";851,808938697563
"1/5/2024";"2_3$7ruc7ur@";884,764158080801
"1/5/2024";"3_@|8@91|3r1@";882,906430533958
"1/5/2024";"4_y3$3r1@";992,83901056733
"1/5/2024";"5_19$7@|@c109_$@917@r1@_y_c097r@19c39d10";1097,71090215926
"1/5/2024";"6_19$7@|@c109_d3_g@$";1005,18781602028
"1/5/2024";"7_19$7@|@c109_3|3c7r1c@";878,213935230618
"1/5/2024";"8_c@rp1973r1@_537@|1c@_y_h3rr3r1@";866,369886007035
"1/5/2024";"9_c@rp1973r1@_d3_5@d3r@";1066,75561582712
"1/5/2024";"10_@$c39$0r3$";1260,35558486355
"1/5/2024";"11_v1dr10$";1082,3476108816
"1/5/2024";"12_p197ur@";924,398710277116
"1/5/2024";"13_07r0$_7r@8@j0$_y_g@$70$";1063,28301743313
"1/6/2024";"1_50v1513970_d3_713rr@$";897,754521616744
"1/6/2024";"2_3$7ruc7ur@";907,509938511906
"1/6/2024";"3_@|8@91|3r1@";912,811918363401
"1/6/2024";"4_y3$3r1@";1050,487041738
"1/6/2024";"5_19$7@|@c109_$@917@r1@_y_c097r@19c39d10";1124,20009758437
"1/6/2024";"6_19$7@|@c109_d3_g@$";1041,67875394814
"1/6/2024";"7_19$7@|@c109_3|3c7r1c@";915,902657205404
"1/6/2024";"8_c@rp1973r1@_537@|1c@_y_h3rr3r1@";875,933034606571
"1/6/2024";"9_c@rp1973r1@_d3_5@d3r@";1075,49268356701
"1/6/2024";"10_@$c39$0r3$";1324,61955970376
"1/6/2024";"11_v1dr10$";1118,38607841609
"1/6/2024";"12_p197ur@";958,654795793877
"1/6/2024";"13_07r0$_7r@8@j0$_y_g@$70$";1120,59181384384
"1/7/2024";"1_50v1513970_d3_713rr@$";917,855203144253
"1/7/2024";"2_3$7ruc7ur@";915,427046508109
"1/7/2024";"3_@|8@91|3r1@";920,889365165054
"1/7/2024";"4_y3$3r1@";1060,23673180235
"1/7/2024";"5_19$7@|@c109_$@917@r1@_y_c097r@19c39d10";1157,14805534192
"1/7/2024";"6_19$7@|@c109_d3_g@$";1075,63746289092
"1/7/2024";"7_19$7@|@c109_3|3c7r1c@";941,55657884804
"1/7/2024";"8_c@rp1973r1@_537@|1c@_y_h3rr3r1@";906,829360851225
"1/7/2024";"9_c@rp1973r1@_d3_5@d3r@";1116,5554802161
"1/7/2024";"10_@$c39$0r3$";1373,7496195597
"1/7/2024";"11_v1dr10$";1121,44945046379
"1/7/2024";"12_p197ur@";998,668157787719
"1/7/2024";"13_07r0$_7r@8@j0$_y_g@$70$";1139,62757362027
"1/8/2024";"1_50v1513970_d3_713rr@$";944,36177605952
"1/8/2024";"2_3$7ruc7ur@";923,318706411544
"1/8/2024";"3_@|8@91|3r1@";929,437358493606
"1/8/2024";"4_y3$3r1@";1063,49548379479
"1/8/2024";"5_19$7@|@c109_$@917@r1@_y_c097r@19c39d10";1179,19550781088
"1/8/2024";"6_19$7@|@c109_d3_g@$";1122,26816142282
"1/8/2024";"7_19$7@|@c109_3|3c7r1c@";947,263531365592
"1/8/2024";"8_c@rp1973r1@_537@|1c@_y_h3rr3r1@";934,159940449257
"1/8/2024";"9_c@rp1973r1@_d3_5@d3r@";1162,1481222249
"1/8/2024";"10_@$c39$0r3$";1413,93425991681
"1/8/2024";"11_v1dr10$";1155,89192454595
"1/8/2024";"12_p197ur@";1014,92476616511
"1/8/2024";"13_07r0$_7r@8@j0$_y_g@$70$";1174,10125282789
"1/9/2024";"1_50v1513970_d3_713rr@$";1032,28466475504
"1/9/2024";"2_3$7ruc7ur@";972,339298733098
"1/9/2024";"3_@|8@91|3r1@";988,689963016977
"1/9/2024";"4_y3$3r1@";1089,96694019718
"1/9/2024";"5_19$7@|@c109_$@917@r1@_y_c097r@19c39d10";1198,59412343596
"1/9/2024";"6_19$7@|@c109_d3_g@$";1139,16008079275
"1/9/2024";"7_19$7@|@c109_3|3c7r1c@";969,368536272363
"1/9/2024";"8_c@rp1973r1@_537@|1c@_y_h3rr3r1@";938,893348707544
"1/9/2024";"9_c@rp1973r1@_d3_5@d3r@";1202,0800979899
"1/9/2024";"10_@$c39$0r3$";1463,7871563356
"1/9/2024";"11_v1dr10$";1172,80867565672
"1/9/2024";"12_p197ur@";1040,86736768721
"1/9/2024";"13_07r0$_7r@8@j0$_y_g@$70$";1242,72447291877
"1/10/2024";"1_50v1513970_d3_713rr@$";1037,09915728861
"1/10/2024";"2_3$7ruc7ur@";978,839566969751
"1/10/2024";"3_@|8@91|3r1@";993,281820306016
"1/10/2024";"4_y3$3r1@";1095,4572288801
"1/10/2024";"5_19$7@|@c109_$@917@r1@_y_c097r@19c39d10";1229,5647571555
"1/10/2024";"6_19$7@|@c109_d3_g@$";1150,70015860321
"1/10/2024";"7_19$7@|@c109_3|3c7r1c@";975,854910545783
"1/10/2024";"8_c@rp1973r1@_537@|1c@_y_h3rr3r1@";949,211098623618
"1/10/2024";"9_c@rp1973r1@_d3_5@d3r@";1229,21761193377
"1/10/2024";"10_@$c39$0r3$";1519,73977883738
"1/10/2024";"11_v1dr10$";1185,34082937096
"1/10/2024";"12_p197ur@";1048,43141811422
"1/10/2024";"13_07r0$_7r@8@j0$_y_g@$70$";1274,21722020494
"1/11/2024";"1_50v1513970_d3_713rr@$";1069,20570217189
"1/11/2024";"2_3$7ruc7ur@";980,646381556323
"1/11/2024";"3_@|8@91|3r1@";999,345746952325
"1/11/2024";"4_y3$3r1@";1110,98648090206
"1/11/2024";"5_19$7@|@c109_$@917@r1@_y_c097r@19c39d10";1233,40280017532
"1/11/2024";"6_19$7@|@c109_d3_g@$";1147,787010804
"1/11/2024";"7_19$7@|@c109_3|3c7r1c@";979,088661583754
"1/11/2024";"8_c@rp1973r1@_537@|1c@_y_h3rr3r1@";951,309970370586
"1/11/2024";"9_c@rp1973r1@_d3_5@d3r@";1256,7039961504
"1/11/2024";"10_@$c39$0r3$";1570,08724764127
"1/11/2024";"11_v1dr10$";1241,41788136254
"1/11/2024";"12_p197ur@";1064,46871550572
"1/11/2024";"13_07r0$_7r@8@j0$_y_g@$70$";1312,6347407844
"1/12/2024";"1_50v1513970_d3_713rr@$";1144,02539230172
"1/12/2024";"2_3$7ruc7ur@";1104,38601317799
"1/12/2024";"3_@|8@91|3r1@";1146,33996986568
"1/12/2024";"4_y3$3r1@";1184,44713383317
"1/12/2024";"5_19$7@|@c109_$@917@r1@_y_c097r@19c39d10";1250,84063148667
"1/12/2024";"6_19$7@|@c109_d3_g@$";1160,30988626659
"1/12/2024";"7_19$7@|@c109_3|3c7r1c@";1015,56861931003
"1/12/2024";"8_c@rp1973r1@_537@|1c@_y_h3rr3r1@";951,885043714331
"1/12/2024";"9_c@rp1973r1@_d3_5@d3r@";1269,51923707868
"1/12/2024";"10_@$c39$0r3$";1607,45155726895
"1/12/2024";"11_v1dr10$";1266,2668563411
"1/12/2024";"12_p197ur@";1070,36251670249
"1/12/2024";"13_07r0$_7r@8@j0$_y_g@$70$";1389,77395866999
"1/1/2025";"1_50v1513970_d3_713rr@$";1189,30696769898
"1/1/2025";"2_3$7ruc7ur@";1108,46664924275
"1/1/2025";"3_@|8@91|3r1@";1155,36898421574
"1/1/2025";"4_y3$3r1@";1195,83210342995
"1/1/2025";"5_19$7@|@c109_$@917@r1@_y_c097r@19c39d10";1259,23784950505
"1/1/2025";"6_19$7@|@c109_d3_g@$";1167,11897951714
"1/1/2025";"7_19$7@|@c109_3|3c7r1c@";1019,04016003623
"1/1/2025";"8_c@rp1973r1@_537@|1c@_y_h3rr3r1@";961,462788084013
"1/1/2025";"9_c@rp1973r1@_d3_5@d3r@";1283,00925217087
"1/1/2025";"10_@$c39$0r3$";1640,59805214568
"1/1/2025";"11_v1dr10$";1318,35489905682
"1/1/2025";"12_p197ur@";1077,97304362981
"1/1/2025";"13_07r0$_7r@8@j0$_y_g@$70$";1421,13077698143
"1/2/2025";"1_50v1513970_d3_713rr@$";1226,61578083664
"1/2/2025";"2_3$7ruc7ur@";1136,23945967509
"1/2/2025";"3_@|8@91|3r1@";1191,56883757282
"1/2/2025";"4_y3$3r1@";1199,5778971604
"1/2/2025";"5_19$7@|@c109_$@917@r1@_y_c097r@19c39d10";1289,64447862654
"1/2/2025";"6_19$7@|@c109_d3_g@$";1179,73403462159
"1/2/2025";"7_19$7@|@c109_3|3c7r1c@";1021,78040311014
"1/2/2025";"8_c@rp1973r1@_537@|1c@_y_h3rr3r1@";961,001561747405
"1/2/2025";"9_c@rp1973r1@_d3_5@d3r@";1301,01817625057
"1/2/2025";"10_@$c39$0r3$";1650,78877954753
"1/2/2025";"11_v1dr10$";1332,85719853457
"1/2/2025";"12_p197ur@";1080,41886945913
"1/2/2025";"13_07r0$_7r@8@j0$_y_g@$70$";1445,42974468166
"1/3/2025";"1_50v1513970_d3_713rr@$";1243,69251254139
"1/3/2025";"2_3$7ruc7ur@";1131,48135411365
"1/3/2025";"3_@|8@91|3r1@";1186,2840521791
"1/3/2025";"4_y3$3r1@";1232,56685754767
"1/3/2025";"5_19$7@|@c109_$@917@r1@_y_c097r@19c39d10";1303,27651938042
"1/3/2025";"6_19$7@|@c109_d3_g@$";1184,19796933671
"1/3/2025";"7_19$7@|@c109_3|3c7r1c@";1050,06793991092
"1/3/2025";"8_c@rp1973r1@_537@|1c@_y_h3rr3r1@";970,13121597361
"1/3/2025";"9_c@rp1973r1@_d3_5@d3r@";1323,24963363153
"1/3/2025";"10_@$c39$0r3$";1673,11808866795
"1/3/2025";"11_v1dr10$";1366,68680333619
"1/3/2025";"12_p197ur@";1089,60233544414
"1/3/2025";"13_07r0$_7r@8@j0$_y_g@$70$";1452,31649588411
